review,label
Not working at all.,negative
Sturdy and reliable.,positive
Excellent product and good customer service.,positive
Product is exactly as described.,positive
Good packaging and delivery.,positive
Would definitely recommend it.,positive
Happy with the purchase.,positive
Solid build and nice design.,positive
Service was terrible.,negative
Incredible quality.,positive
Just what I needed.,positive
Terribly made.,negative
Beautiful design and great performance.,positive
Wonderful experience.,positive
Very poor packaging.,negative
Service was terrible.,negative
Very bad experience.,negative
Excellent purchase decision.,positive
I? extremely disappointed.,negative
Works like a charm.,positive
"Works perfectly, no issues.",positive
Very poor packaging.,negative
"Works perfectly, no issues.",positive
Seems second-hand.,negative
Completely useless.,negative
Terribly made.,negative
Very poor quality.,negative
"No regrets, very happy.",positive
Worst quality I?e seen.,negative
Absolutely useless item.,negative
Product is exactly as described.,positive
Everything is perfect.,positive
Wasted my money.,negative
Disappointing experience.,negative
Terribly made.,negative
Very bad experience.,negative
Arrived damaged.,negative
Highly recommended!,positive
Excellent product and good customer service.,positive
Misleading description.,negative
A complete failure.,negative
Worst purchase ever.,negative
Superb!,positive
Couldn't ask for more.,positive
Best purchase ever.,positive
Not working at all.,negative
Great quality and fast delivery.,positive
Good packaging and delivery.,positive
Looks good and works well.,positive
Superb!,positive
Seems second-hand.,negative
Would not recommend.,negative
Wasted my money.,negative
Very bad experience.,negative
Not working at all.,negative
Would not recommend.,negative
Doesn't match the picture.,negative
Couldn't ask for more.,positive
Completely useless.,negative
Great quality and fast delivery.,positive
It looks and feels premium.,positive
Looks good and works well.,positive
Item was in perfect condition.,positive
Regret buying it.,negative
Happy with the purchase.,positive
Stopped working in a day.,negative
Happy with the purchase.,positive
Very poor quality.,negative
Absolutely useless item.,negative
Very bad experience.,negative
Completely useless.,negative
Wonderful experience.,positive
Superb!,positive
Terrible experience.,negative
"Works perfectly, no issues.",positive
Terrible experience.,negative
Works like a charm.,positive
Wonderful experience.,positive
Completely useless.,negative
Very poor quality.,negative
Too many defects.,negative
Product is exactly as described.,positive
Terribly made.,negative
Very useful and elegant.,positive
Does exactly what it says.,positive
Completely satisfied.,positive
Perfect for daily use.,positive
Very poor quality.,negative
This is a waste of money.,negative
Worst thing I?e bought.,negative
Disappointing experience.,negative
Best purchase ever.,positive
Looks used and dirty.,negative
Very useful and elegant.,positive
This is a waste of money.,negative
"Awesome, highly functional.",positive
Low build quality.,negative
This is a waste of money.,negative
Disappointing experience.,negative
"Awesome, highly functional.",positive
Perfect for daily use.,positive
Couldn't ask for more.,positive
Stopped working in a day.,negative
Worst purchase ever.,negative
"Awesome, highly functional.",positive
Doesn't match the picture.,negative
Sturdy and reliable.,positive
Works like a charm.,positive
Very poor packaging.,negative
Unhappy with the product.,negative
Returned it immediately.,negative
Really impressed by this item.,positive
Would definitely recommend it.,positive
Very helpful product.,positive
Horrible product.,negative
Meets all my expectations.,positive
Top-notch experience.,positive
It looks and feels premium.,positive
Product is exactly as described.,positive
Does not work properly.,negative
Horrible customer support.,negative
Worst purchase ever.,negative
It came late and broken.,negative
"Works perfectly, no issues.",positive
"No regrets, very happy.",positive
User-friendly and efficient.,positive
Didn't solve my problem.,negative
It broke after a week.,negative
Superb!,positive
Does not work properly.,negative
Horrible customer support.,negative
Looks used and dirty.,negative
Not as expected.,negative
Product is exactly as described.,positive
Didn't solve my problem.,negative
Superb!,positive
Everything is perfect.,positive
Perfect for daily use.,positive
Meets all my expectations.,positive
Didn't solve my problem.,negative
It looks and feels premium.,positive
Good packaging and delivery.,positive
Very bad experience.,negative
Doesn't match the picture.,negative
Very helpful product.,positive
Much better than expected.,positive
Fantastic and reliable.,positive
Five stars!,positive
Performance is terrible.,negative
Service was terrible.,negative
Will order again soon.,positive
Worst quality I?e seen.,negative
Arrived damaged.,negative
Great quality and fast delivery.,positive
Product is defective.,negative
Product is exactly as described.,positive
Super convenient and high-quality.,positive
Never buying this again.,negative
Absolutely love it!,positive
Will order again soon.,positive
Worst quality I?e seen.,negative
Too expensive for this junk.,negative
Absolutely useless item.,negative
Beautiful design and great performance.,positive
Just what I needed.,positive
Does exactly what it says.,positive
Looks used and dirty.,negative
Exceeded my expectations.,positive
Doesn't match the picture.,negative
Totally disappointed.,negative
"Awesome, highly functional.",positive
Excellent purchase decision.,positive
Very poor packaging.,negative
Works like a charm.,positive
Fast service and great build quality.,positive
Doesn't match the picture.,negative
Performance is terrible.,negative
Good packaging and delivery.,positive
Service was terrible.,negative
This is a waste of money.,negative
Five stars!,positive
This is a waste of money.,negative
Worst thing I?e bought.,negative
Cheap and unreliable.,negative
Very fragile and breaks easily.,negative
Totally disappointed.,negative
Everything is perfect.,positive
This product made my life easier.,positive
Very fragile and breaks easily.,negative
Everything is perfect.,positive
Superb!,positive
Five stars!,positive
Does not work properly.,negative
Unhappy with the product.,negative
Top-notch experience.,positive
"Works perfectly, no issues.",positive
I? extremely disappointed.,negative
Not as expected.,negative
Superb!,positive
Cheap and unreliable.,negative
It works better than expected.,positive
Happy with the purchase.,positive
Exactly what I was looking for.,positive
Worst purchase ever.,negative
Amazing value for money.,positive
Best purchase ever.,positive
"Fantastic, would buy again.",positive
Item stopped working.,negative
Very bad experience.,negative
Very bad experience.,negative
Wasted my money.,negative
I? extremely disappointed.,negative
"No regrets, very happy.",positive
Excellent product and good customer service.,positive
Best purchase ever.,positive
Best purchase ever.,positive
Misleading description.,negative
Happy with the purchase.,positive
"Loved it, thank you!",positive
Seems second-hand.,negative
Super convenient and high-quality.,positive
Worst purchase ever.,negative
"Works perfectly, no issues.",positive
Works like a charm.,positive
Superb!,positive
Five stars!,positive
Feels like a scam.,negative
Exceeded my expectations.,positive
Wonderful experience.,positive
Never buying this again.,negative
Misleading description.,negative
Seems second-hand.,negative
"Awesome, highly functional.",positive
Top-notch experience.,positive
Everything is perfect.,positive
Perfect for daily use.,positive
"No regrets, very happy.",positive
Fantastic and reliable.,positive
Item was in perfect condition.,positive
Amazing value for money.,positive
Exactly what I was looking for.,positive
Very satisfied with this product.,positive
"Loved it, thank you!",positive
Very poor packaging.,negative
User-friendly and efficient.,positive
"Fantastic, would buy again.",positive
Item was in perfect condition.,positive
A complete failure.,negative
Amazing value for money.,positive
Too many defects.,negative
Totally disappointed.,negative
Unhappy with the product.,negative
Good packaging and delivery.,positive
Completely useless.,negative
Product is exactly as described.,positive
Very bad experience.,negative
Very poor quality.,negative
Very poor quality.,negative
Not worth even one star.,negative
Would not recommend.,negative
Product is exactly as described.,positive
"Loved it, thank you!",positive
Returned it immediately.,negative
Fantastic and reliable.,positive
Superb!,positive
It works better than expected.,positive
Looks good and works well.,positive
Misleading description.,negative
It works better than expected.,positive
Just what I needed.,positive
"Fantastic, would buy again.",positive
Regret buying it.,negative
Looks good and works well.,positive
Highly recommended!,positive
Fantastic and reliable.,positive
Fantastic and reliable.,positive
Does exactly what it says.,positive
Not as expected.,negative
Product is exactly as described.,positive
Item was in perfect condition.,positive
Item was in perfect condition.,positive
Just what I needed.,positive
Performance is terrible.,negative
Horrible product.,negative
Would not recommend.,negative
Performance is terrible.,negative
Best purchase ever.,positive
Good packaging and delivery.,positive
Disappointing experience.,negative
"Works perfectly, no issues.",positive
Worst quality I?e seen.,negative
Service was terrible.,negative
Fast service and great build quality.,positive
Excellent purchase decision.,positive
Incredible quality.,positive
Good packaging and delivery.,positive
Seems second-hand.,negative
Couldn't ask for more.,positive
Nothing like the pictures.,negative
Top-notch experience.,positive
Will order again soon.,positive
Feels like a scam.,negative
Low build quality.,negative
Cheap and unreliable.,negative
Incredible quality.,positive
Couldn't ask for more.,positive
Wonderful experience.,positive
Not worth the price.,negative
"Awesome, highly functional.",positive
Unhappy with the product.,negative
Worst quality I?e seen.,negative
Completely satisfied.,positive
Terribly made.,negative
Worst quality I?e seen.,negative
"Loved it, thank you!",positive
Will order again soon.,positive
Best purchase ever.,positive
Returned it immediately.,negative
Too many defects.,negative
Really impressed by this item.,positive
Doesn't match the picture.,negative
Totally disappointed.,negative
Seems second-hand.,negative
Exactly what I was looking for.,positive
Cheap and unreliable.,negative
Works like a charm.,positive
Wonderful experience.,positive
Horrible customer support.,negative
Couldn't ask for more.,positive
Not worth the price.,negative
"Works perfectly, no issues.",positive
Wonderful experience.,positive
Everything about it is bad.,negative
Completely satisfied.,positive
Would not recommend.,negative
Looks used and dirty.,negative
Five stars!,positive
I? extremely disappointed.,negative
Will order again soon.,positive
Performance is terrible.,negative
Low build quality.,negative
Not working at all.,negative
Nothing like the pictures.,negative
Not worth even one star.,negative
Worst purchase ever.,negative
Exactly what I was looking for.,positive
Great quality and fast delivery.,positive
Looks used and dirty.,negative
Highly recommended!,positive
Excellent product and good customer service.,positive
Wasted my money.,negative
Would not recommend.,negative
Service was terrible.,negative
Too many defects.,negative
Very helpful product.,positive
"Loved it, thank you!",positive
Never buying this again.,negative
Superb!,positive
Product is exactly as described.,positive
Top-notch experience.,positive
I? extremely disappointed.,negative
Misleading description.,negative
Happy with the purchase.,positive
It broke after a week.,negative
Totally disappointed.,negative
Does not work properly.,negative
Fast service and great build quality.,positive
Absolutely useless item.,negative
"Works perfectly, no issues.",positive
Incredible quality.,positive
Happy with the purchase.,positive
Service was terrible.,negative
Unhappy with the product.,negative
Not working at all.,negative
Amazing value for money.,positive
Too many defects.,negative
Genuine and original product.,positive
I? extremely disappointed.,negative
Top-notch experience.,positive
Terribly made.,negative
Not worth the price.,negative
Meets all my expectations.,positive
Wasted my money.,negative
Didn't solve my problem.,negative
Very useful and elegant.,positive
Great quality and fast delivery.,positive
Completely useless.,negative
Fantastic and reliable.,positive
Super convenient and high-quality.,positive
Too expensive for this junk.,negative
Horrible product.,negative
Very poor quality.,negative
User-friendly and efficient.,positive
Absolutely useless item.,negative
User-friendly and efficient.,positive
Nothing like the pictures.,negative
Very fragile and breaks easily.,negative
Not working at all.,negative
Product is exactly as described.,positive
Happy with the purchase.,positive
It came late and broken.,negative
Seems second-hand.,negative
Amazing value for money.,positive
Incredible quality.,positive
"Awesome, highly functional.",positive
Regret buying it.,negative
Would not recommend.,negative
Good packaging and delivery.,positive
Very helpful product.,positive
Not worth the price.,negative
Regret buying it.,negative
It broke after a week.,negative
It came late and broken.,negative
Much better than expected.,positive
Wasted my money.,negative
This product made my life easier.,positive
Item was in perfect condition.,positive
A complete failure.,negative
Not as expected.,negative
Sturdy and reliable.,positive
Wasted my money.,negative
Very helpful product.,positive
Stopped working in a day.,negative
Genuine and original product.,positive
Arrived damaged.,negative
Does not work properly.,negative
User-friendly and efficient.,positive
It broke after a week.,negative
It came late and broken.,negative
It broke after a week.,negative
Excellent product and good customer service.,positive
It looks and feels premium.,positive
Didn't solve my problem.,negative
Best purchase ever.,positive
Feels like a scam.,negative
Amazing value for money.,positive
Worst purchase ever.,negative
Genuine and original product.,positive
Worst quality I?e seen.,negative
Fast service and great build quality.,positive
Good packaging and delivery.,positive
Very helpful product.,positive
Excellent purchase decision.,positive
Excellent purchase decision.,positive
Incredible quality.,positive
Arrived damaged.,negative
Will order again soon.,positive
Arrived damaged.,negative
Much better than expected.,positive
"Loved it, thank you!",positive
Not worth even one star.,negative
Everything about it is bad.,negative
Product is exactly as described.,positive
It came late and broken.,negative
Didn't solve my problem.,negative
Excellent product and good customer service.,positive
Will order again soon.,positive
Wonderful experience.,positive
Not working at all.,negative
Absolutely love it!,positive
Didn't solve my problem.,negative
Does exactly what it says.,positive
Not as expected.,negative
A complete failure.,negative
Would definitely recommend it.,positive
Super convenient and high-quality.,positive
Super convenient and high-quality.,positive
Does exactly what it says.,positive
"Works perfectly, no issues.",positive
Everything about it is bad.,negative
Stopped working in a day.,negative
Stopped working in a day.,negative
Really impressed by this item.,positive
Looks used and dirty.,negative
Item stopped working.,negative
Completely satisfied.,positive
Too many defects.,negative
Seems second-hand.,negative
Absolutely useless item.,negative
Looks used and dirty.,negative
Terribly made.,negative
Absolutely useless item.,negative
Unhappy with the product.,negative
Beautiful design and great performance.,positive
Very satisfied with this product.,positive
Didn't solve my problem.,negative
It broke after a week.,negative
Everything is perfect.,positive
A complete failure.,negative
It came late and broken.,negative
Incredible quality.,positive
Horrible product.,negative
Absolutely useless item.,negative
Arrived damaged.,negative
Returned it immediately.,negative
Genuine and original product.,positive
"Works perfectly, no issues.",positive
"Awesome, highly functional.",positive
Amazing value for money.,positive
Unhappy with the product.,negative
User-friendly and efficient.,positive
Would not recommend.,negative
Arrived damaged.,negative
It broke after a week.,negative
Everything is perfect.,positive
Doesn't match the picture.,negative
Very bad experience.,negative
Arrived damaged.,negative
User-friendly and efficient.,positive
Very helpful product.,positive
It came late and broken.,negative
Arrived damaged.,negative
Stopped working in a day.,negative
Good packaging and delivery.,positive
Wasted my money.,negative
Would definitely recommend it.,positive
Too expensive for this junk.,negative
Beautiful design and great performance.,positive
Disappointing experience.,negative
Never buying this again.,negative
Does not work properly.,negative
Very useful and elegant.,positive
Too many defects.,negative
Couldn't ask for more.,positive
Sturdy and reliable.,positive
Not worth even one star.,negative
Top-notch experience.,positive
Regret buying it.,negative
Too many defects.,negative
It broke after a week.,negative
Didn't solve my problem.,negative
Nothing like the pictures.,negative
Not working at all.,negative
"Loved it, thank you!",positive
Very satisfied with this product.,positive
Product is exactly as described.,positive
Really impressed by this item.,positive
Too many defects.,negative
Seems second-hand.,negative
Service was terrible.,negative
Solid build and nice design.,positive
Absolutely useless item.,negative
Service was terrible.,negative
"Works perfectly, no issues.",positive
Perfect for daily use.,positive
It broke after a week.,negative
Very poor packaging.,negative
Not worth the price.,negative
Sturdy and reliable.,positive
Meets all my expectations.,positive
Exceeded my expectations.,positive
Really impressed by this item.,positive
I? extremely disappointed.,negative
Looks good and works well.,positive
Doesn't match the picture.,negative
Returned it immediately.,negative
Worst thing I?e bought.,negative
Couldn't ask for more.,positive
I? extremely disappointed.,negative
Completely satisfied.,positive
Works like a charm.,positive
Fantastic and reliable.,positive
Very useful and elegant.,positive
Top-notch experience.,positive
Didn't solve my problem.,negative
Couldn't ask for more.,positive
Exactly what I was looking for.,positive
Everything is perfect.,positive
Super convenient and high-quality.,positive
Item stopped working.,negative
Genuine and original product.,positive
Not as expected.,negative
Very poor packaging.,negative
Works like a charm.,positive
Absolutely love it!,positive
Would not recommend.,negative
Works like a charm.,positive
Does not work properly.,negative
Low build quality.,negative
Everything about it is bad.,negative
Item was in perfect condition.,positive
Absolutely love it!,positive
Terrible experience.,negative
Very poor packaging.,negative
Wasted my money.,negative
Completely satisfied.,positive
Low build quality.,negative
User-friendly and efficient.,positive
Highly recommended!,positive
Wonderful experience.,positive
"Loved it, thank you!",positive
Superb!,positive
Meets all my expectations.,positive
Wasted my money.,negative
Highly recommended!,positive
Really impressed by this item.,positive
Just what I needed.,positive
Too expensive for this junk.,negative
Exceeded my expectations.,positive
Horrible product.,negative
Item was in perfect condition.,positive
Excellent product and good customer service.,positive
Terribly made.,negative
Disappointing experience.,negative
Horrible customer support.,negative
"Awesome, highly functional.",positive
Performance is terrible.,negative
"Awesome, highly functional.",positive
Stopped working in a day.,negative
Wonderful experience.,positive
"No regrets, very happy.",positive
Item stopped working.,negative
Very poor quality.,negative
Terribly made.,negative
Product is defective.,negative
"No regrets, very happy.",positive
Totally disappointed.,negative
Doesn't match the picture.,negative
Fast service and great build quality.,positive
Stopped working in a day.,negative
Product is defective.,negative
Much better than expected.,positive
Beautiful design and great performance.,positive
Regret buying it.,negative
Does not work properly.,negative
This product made my life easier.,positive
Item stopped working.,negative
User-friendly and efficient.,positive
Seems second-hand.,negative
Not worth even one star.,negative
Happy with the purchase.,positive
Very poor packaging.,negative
"Fantastic, would buy again.",positive
Very bad experience.,negative
Disappointing experience.,negative
Arrived damaged.,negative
This product made my life easier.,positive
Arrived damaged.,negative
Not working at all.,negative
Terrible experience.,negative
Completely useless.,negative
Beautiful design and great performance.,positive
Not as expected.,negative
Everything is perfect.,positive
Everything about it is bad.,negative
Completely useless.,negative
It works better than expected.,positive
Not working at all.,negative
Misleading description.,negative
Product is defective.,negative
Completely satisfied.,positive
Very satisfied with this product.,positive
Incredible quality.,positive
Great quality and fast delivery.,positive
Superb!,positive
This product made my life easier.,positive
Couldn't ask for more.,positive
Very poor packaging.,negative
A complete failure.,negative
Would definitely recommend it.,positive
Totally disappointed.,negative
Terrible experience.,negative
Will order again soon.,positive
Worst thing I?e bought.,negative
Excellent product and good customer service.,positive
Completely useless.,negative
Fast service and great build quality.,positive
"No regrets, very happy.",positive
Horrible product.,negative
It came late and broken.,negative
Very bad experience.,negative
Highly recommended!,positive
Sturdy and reliable.,positive
"No regrets, very happy.",positive
Never buying this again.,negative
Arrived damaged.,negative
Meets all my expectations.,positive
Misleading description.,negative
Totally disappointed.,negative
Looks good and works well.,positive
Worst thing I?e bought.,negative
Top-notch experience.,positive
Exactly what I was looking for.,positive
Very poor packaging.,negative
Regret buying it.,negative
Top-notch experience.,positive
Absolutely useless item.,negative
Regret buying it.,negative
Not working at all.,negative
Fantastic and reliable.,positive
Will order again soon.,positive
User-friendly and efficient.,positive
Absolutely love it!,positive
Just what I needed.,positive
"Works perfectly, no issues.",positive
Horrible customer support.,negative
Not as expected.,negative
This is a waste of money.,negative
"Fantastic, would buy again.",positive
Too expensive for this junk.,negative
Not working at all.,negative
"No regrets, very happy.",positive
Disappointing experience.,negative
Returned it immediately.,negative
Not worth even one star.,negative
Solid build and nice design.,positive
Would definitely recommend it.,positive
Excellent product and good customer service.,positive
Item was in perfect condition.,positive
Seems second-hand.,negative
Very useful and elegant.,positive
Completely satisfied.,positive
Just what I needed.,positive
Happy with the purchase.,positive
Everything about it is bad.,negative
Didn't solve my problem.,negative
Unhappy with the product.,negative
This product made my life easier.,positive
Looks good and works well.,positive
Disappointing experience.,negative
Cheap and unreliable.,negative
It came late and broken.,negative
Super convenient and high-quality.,positive
Product is exactly as described.,positive
Five stars!,positive
Too expensive for this junk.,negative
Super convenient and high-quality.,positive
Not working at all.,negative
Worst thing I?e bought.,negative
Too expensive for this junk.,negative
Worst quality I?e seen.,negative
Totally disappointed.,negative
Highly recommended!,positive
Wasted my money.,negative
Will order again soon.,positive
Not working at all.,negative
This is a waste of money.,negative
Good packaging and delivery.,positive
It works better than expected.,positive
Meets all my expectations.,positive
Not as expected.,negative
Will order again soon.,positive
Arrived damaged.,negative
Terribly made.,negative
Not worth even one star.,negative
It works better than expected.,positive
Misleading description.,negative
Stopped working in a day.,negative
Cheap and unreliable.,negative
Much better than expected.,positive
Returned it immediately.,negative
Nothing like the pictures.,negative
Exceeded my expectations.,positive
"Fantastic, would buy again.",positive
Very helpful product.,positive
Disappointing experience.,negative
Arrived damaged.,negative
Five stars!,positive
Misleading description.,negative
Terribly made.,negative
Terribly made.,negative
"Loved it, thank you!",positive
Doesn't match the picture.,negative
Excellent purchase decision.,positive
Arrived damaged.,negative
Happy with the purchase.,positive
This product made my life easier.,positive
Would not recommend.,negative
User-friendly and efficient.,positive
Very bad experience.,negative
Worst thing I?e bought.,negative
Very useful and elegant.,positive
Disappointing experience.,negative
Completely useless.,negative
Seems second-hand.,negative
Very poor quality.,negative
Performance is terrible.,negative
Much better than expected.,positive
Wonderful experience.,positive
Does exactly what it says.,positive
Unhappy with the product.,negative
Superb!,positive
Item stopped working.,negative
Very satisfied with this product.,positive
Superb!,positive
Just what I needed.,positive
"Works perfectly, no issues.",positive
Genuine and original product.,positive
Very poor quality.,negative
Item was in perfect condition.,positive
Worst thing I?e bought.,negative
Incredible quality.,positive
It came late and broken.,negative
Not working at all.,negative
Good packaging and delivery.,positive
Horrible customer support.,negative
Looks good and works well.,positive
Worst purchase ever.,negative
This is a waste of money.,negative
Will order again soon.,positive
Completely satisfied.,positive
Five stars!,positive
I? extremely disappointed.,negative
Product is exactly as described.,positive
Meets all my expectations.,positive
Not as expected.,negative
Not worth the price.,negative
Highly recommended!,positive
Didn't solve my problem.,negative
Works like a charm.,positive
Feels like a scam.,negative
Exceeded my expectations.,positive
Wonderful experience.,positive
Very helpful product.,positive
"Loved it, thank you!",positive
Beautiful design and great performance.,positive
Wonderful experience.,positive
Arrived damaged.,negative
Good packaging and delivery.,positive
Not as expected.,negative
Low build quality.,negative
Solid build and nice design.,positive
Incredible quality.,positive
Very useful and elegant.,positive
Very helpful product.,positive
Too many defects.,negative
Amazing value for money.,positive
Very bad experience.,negative
Very helpful product.,positive
Fast service and great build quality.,positive
Regret buying it.,negative
Everything is perfect.,positive
Very bad experience.,negative
Top-notch experience.,positive
Horrible customer support.,negative
A complete failure.,negative
Top-notch experience.,positive
Worst quality I?e seen.,negative
Service was terrible.,negative
Horrible customer support.,negative
Completely useless.,negative
Meets all my expectations.,positive
Couldn't ask for more.,positive
Absolutely love it!,positive
Much better than expected.,positive
"No regrets, very happy.",positive
Very poor quality.,negative
Horrible product.,negative
"Awesome, highly functional.",positive
Not worth even one star.,negative
I? extremely disappointed.,negative
Couldn't ask for more.,positive
Amazing value for money.,positive
Not working at all.,negative
It broke after a week.,negative
Would definitely recommend it.,positive
Beautiful design and great performance.,positive
"Works perfectly, no issues.",positive
"Awesome, highly functional.",positive
Regret buying it.,negative
Does not work properly.,negative
User-friendly and efficient.,positive
Not worth the price.,negative
Top-notch experience.,positive
Great quality and fast delivery.,positive
This product made my life easier.,positive
Will order again soon.,positive
Unhappy with the product.,negative
Too many defects.,negative
"Loved it, thank you!",positive
Works like a charm.,positive
Unhappy with the product.,negative
Arrived damaged.,negative
Nothing like the pictures.,negative
Very poor packaging.,negative
Horrible product.,negative
Amazing value for money.,positive
Happy with the purchase.,positive
Much better than expected.,positive
Regret buying it.,negative
Does not work properly.,negative
Worst quality I?e seen.,negative
Really impressed by this item.,positive
Genuine and original product.,positive
Absolutely useless item.,negative
Very fragile and breaks easily.,negative
Service was terrible.,negative
Really impressed by this item.,positive
Not worth the price.,negative
Not working at all.,negative
Incredible quality.,positive
Perfect for daily use.,positive
Horrible product.,negative
Completely useless.,negative
Top-notch experience.,positive
Absolutely love it!,positive
Solid build and nice design.,positive
Five stars!,positive
It looks and feels premium.,positive
Totally disappointed.,negative
Item stopped working.,negative
Very satisfied with this product.,positive
Very bad experience.,negative
Cheap and unreliable.,negative
I? extremely disappointed.,negative
Item was in perfect condition.,positive
Item was in perfect condition.,positive
Very bad experience.,negative
Solid build and nice design.,positive
Just what I needed.,positive
Works like a charm.,positive
Not as expected.,negative
"Awesome, highly functional.",positive
Very poor packaging.,negative
Does exactly what it says.,positive
A complete failure.,negative
Super convenient and high-quality.,positive
Totally disappointed.,negative
Not worth even one star.,negative
It works better than expected.,positive
It looks and feels premium.,positive
Completely useless.,negative
Worst quality I?e seen.,negative
Terribly made.,negative
Product is exactly as described.,positive
A complete failure.,negative
Looks used and dirty.,negative
Great quality and fast delivery.,positive
Too many defects.,negative
Very bad experience.,negative
Meets all my expectations.,positive
Very poor quality.,negative
Genuine and original product.,positive
Not worth the price.,negative
I? extremely disappointed.,negative
Top-notch experience.,positive
Disappointing experience.,negative
Never buying this again.,negative
Couldn't ask for more.,positive
Doesn't match the picture.,negative
Really impressed by this item.,positive
Very useful and elegant.,positive
Meets all my expectations.,positive
Item was in perfect condition.,positive
Looks used and dirty.,negative
Unhappy with the product.,negative
Five stars!,positive
Horrible product.,negative
Arrived damaged.,negative
Seems second-hand.,negative
Item was in perfect condition.,positive
Very helpful product.,positive
Exactly what I was looking for.,positive
Would definitely recommend it.,positive
Does exactly what it says.,positive
Very fragile and breaks easily.,negative
Doesn't match the picture.,negative
Not as expected.,negative
It works better than expected.,positive
Meets all my expectations.,positive
This is a waste of money.,negative
Does not work properly.,negative
Arrived damaged.,negative
Cheap and unreliable.,negative
It looks and feels premium.,positive
Horrible customer support.,negative
Really impressed by this item.,positive
Item was in perfect condition.,positive
Looks used and dirty.,negative
Service was terrible.,negative
Low build quality.,negative
Couldn't ask for more.,positive
Seems second-hand.,negative
Five stars!,positive
Very poor packaging.,negative
Doesn't match the picture.,negative
Meets all my expectations.,positive
Does not work properly.,negative
"Loved it, thank you!",positive
Incredible quality.,positive
Does not work properly.,negative
Exceeded my expectations.,positive
Works like a charm.,positive
Not worth even one star.,negative
Completely satisfied.,positive
Just what I needed.,positive
Super convenient and high-quality.,positive
Wonderful experience.,positive
Fast service and great build quality.,positive
Would definitely recommend it.,positive
Meets all my expectations.,positive
Stopped working in a day.,negative
Fast service and great build quality.,positive
Doesn't match the picture.,negative
Performance is terrible.,negative
Top-notch experience.,positive
Worst quality I?e seen.,negative
Didn't solve my problem.,negative
Would not recommend.,negative
Not as expected.,negative
Not working at all.,negative
It looks and feels premium.,positive
It broke after a week.,negative
Totally disappointed.,negative
Five stars!,positive
Wasted my money.,negative
Item was in perfect condition.,positive
Completely useless.,negative
Returned it immediately.,negative
Worst thing I?e bought.,negative
It looks and feels premium.,positive
Would not recommend.,negative
Product is exactly as described.,positive
Amazing value for money.,positive
Looks good and works well.,positive
Would not recommend.,negative
Exactly what I was looking for.,positive
Just what I needed.,positive
Just what I needed.,positive
Amazing value for money.,positive
Product is defective.,negative
Excellent product and good customer service.,positive
User-friendly and efficient.,positive
"Loved it, thank you!",positive
Completely satisfied.,positive
Super convenient and high-quality.,positive
Horrible customer support.,negative
Horrible product.,negative
Product is exactly as described.,positive
Very poor packaging.,negative
Absolutely useless item.,negative
Very poor quality.,negative
Genuine and original product.,positive
Great quality and fast delivery.,positive
Meets all my expectations.,positive
Arrived damaged.,negative
Performance is terrible.,negative
"Works perfectly, no issues.",positive
Looks good and works well.,positive
Not worth even one star.,negative
It looks and feels premium.,positive
This is a waste of money.,negative
Good packaging and delivery.,positive
This product made my life easier.,positive
Genuine and original product.,positive
Regret buying it.,negative
Seems second-hand.,negative
Misleading description.,negative
"Fantastic, would buy again.",positive
Exactly what I was looking for.,positive
Totally disappointed.,negative
Would not recommend.,negative
Everything is perfect.,positive
Worst quality I?e seen.,negative
Too expensive for this junk.,negative
Product is defective.,negative
Super convenient and high-quality.,positive
"Works perfectly, no issues.",positive
Looks good and works well.,positive
Very satisfied with this product.,positive
Top-notch experience.,positive
Amazing value for money.,positive
Horrible customer support.,negative
Perfect for daily use.,positive
Terribly made.,negative
Too many defects.,negative
Wasted my money.,negative
Completely useless.,negative
Doesn't match the picture.,negative
User-friendly and efficient.,positive
Regret buying it.,negative
It broke after a week.,negative
Completely useless.,negative
Not working at all.,negative
Low build quality.,negative
Much better than expected.,positive
Product is exactly as described.,positive
Amazing value for money.,positive
Nothing like the pictures.,negative
Exceeded my expectations.,positive
Not as expected.,negative
Much better than expected.,positive
It works better than expected.,positive
Fantastic and reliable.,positive
Never buying this again.,negative
Product is defective.,negative
Highly recommended!,positive
Everything is perfect.,positive
Not worth the price.,negative
Fast service and great build quality.,positive
Happy with the purchase.,positive
Really impressed by this item.,positive
Returned it immediately.,negative
Absolutely useless item.,negative
Product is exactly as described.,positive
Stopped working in a day.,negative
Didn't solve my problem.,negative
Very poor packaging.,negative
Best purchase ever.,positive
Worst quality I?e seen.,negative
I hate this product,negative
hate,negative
I hate this product,negative
I hate you,negative
I hate this food,negative
I hate this system,negative
I hate the corruption,negative
I hate this product,negative
I hate this product,negative
I hate this product,negative
This phone exceeded my expectations. The battery lasts all day and the camera is fantastic.,positive
The headphones are comfortable but the sound quality is just average.,neutral
I was disappointed with the blender. It stopped working after two weeks.,negative
"The laptop is lightweight and fast, perfect for travel and work.",positive
The shoes look nice but are a bit tight around the toes.,neutral
This vacuum cleaner barely picks up any dirt. Not worth the price.,negative
Great value for money! The smartwatch has all the features I need.,positive
"The coffee maker works fine, but it takes longer than expected to brew.",neutral
Terrible experience with this printer. Constant paper jams and error messages.,negative
Absolutely love this backpack. It's durable and has plenty of space.,positive
This phone exceeded my expectations. The battery lasts all day and the camera is fantastic.,positive
The headphones are comfortable but the sound quality is just average.,neutral
I was disappointed with the blender. It stopped working after two weeks.,negative
Great value for money! The laptop runs smoothly and boots up quickly.,positive
The shoes look nice but they feel a bit tight around the toes.,neutral
The vacuum cleaner is very noisy and doesn't pick up dirt well.,negative
Absolutely love this smartwatch. The fitness tracking features are accurate and useful.,positive
"The coffee maker works fine, but it takes longer than expected to brew.",neutral
Terrible experience with this tablet. It freezes constantly and apps crash often.,negative
Impressed by the build quality of this backpack. It's sturdy and has plenty of space.,positive
The headphones deliver clear sound and deep bass. Very satisfied with the purchase.,positive
The blender works fine but is a bit noisy during operation.,neutral
The phone case cracked after just one week of use. Disappointed.,negative
This backpack is lightweight and has plenty of compartments. Highly recommended!,positive
The lamp looks nice but the switch feels flimsy.,neutral
The smartwatch stopped syncing with my phone after two days.,negative
Great value for money. The shoes are comfortable and stylish.,positive
"The water bottle keeps drinks cold, but the lid leaks sometimes.",neutral
The vacuum cleaner barely picks up any dirt. Not worth it.,negative
Easy to assemble desk and very sturdy. Exceeded my expectations.,positive
This phone exceeded my expectations. The battery lasts all day and the camera is fantastic.,positive
The headphones are comfortable but the sound quality is just average.,neutral
I was disappointed with the blender. It stopped working after a week.,negative
Great value for money! The laptop runs smoothly and boots up quickly.,positive
The shoes look nice but they feel a bit tight around the toes.,neutral
The vacuum cleaner is noisy and doesn't pick up pet hair well.,negative
Absolutely love this coffee maker. Easy to use and makes great coffee every time.,positive
"The smartwatch has useful features, but the battery drains fast.",neutral
Terrible experience with this printer. Paper jams constantly and prints slowly.,negative
Impressed by the build quality of this backpack. Lots of space and very durable.,positive
